"","user.self","sys.self","elapsed","user.child","sys.child"
"timeLabelSpace",1.814,0.004,1.827,0,0
"timeBuild",0.443,0.012,101.71,0,0
"timeSplit",0.0609999999999999,0.004,4.71600000000001,0,0
"timeAvalia",0.0460000000000003,0,1.59299999999999,0,0
"timeGather",1.441,0,1.44000000000001,0,0
